<?xml version="1.0"?>
<data grt_format="2.0">
  <value _ptr_="0x565535d60610" type="list" content-type="object" content-struct-name="db.mgmt.Connection">
    <value type="object" struct-name="db.mgmt.Connection" id="b123a05b-4287-11ee-b809-a3641fc7a5b5" struct-checksum="0x96ba47d8">
      <link type="object" struct-name="db.mgmt.Driver" key="driver">com.mysql.rdbms.mysql.driver.native</link>
      <value type="string" key="hostIdentifier">Mysql@localhost:3306</value>
      <value type="int" key="isDefault">1</value>
      <value _ptr_="0x565535e9c170" type="dict" key="modules"/>
      <value _ptr_="0x565535e9c1f0" type="dict" key="parameterValues">
        <value type="string" key="DbSqlEditor:LastDefaultSchema">sisvenda</value>
        <value type="string" key="SQL_MODE"></value>
        <value type="string" key="hostName">localhost</value>
        <value type="int" key="lastConnected">1742064840</value>
        <value type="string" key="password"></value>
        <value type="int" key="port">3306</value>
        <value type="string" key="serverVersion">8.0.35</value>
        <value type="string" key="sslCA"></value>
        <value type="string" key="sslCert"></value>
        <value type="string" key="sslCipher"></value>
        <value type="string" key="sslKey"></value>
        <value type="int" key="useSSL">1</value>
        <value type="string" key="userName">root</value>
      </value>
      <value type="string" key="name">Local instance 3306</value>
      <link type="object" struct-name="GrtObject" key="owner">d9522486-01ce-11f0-890a-31753abe163c</link>
    </value>
  </value>
</data>
