<?xml version="1.0"?>
<data grt_format="2.0">
  <value _ptr_="0x565535dee8b0" type="list" content-type="object" content-struct-name="db.mgmt.ServerInstance">
    <value type="object" struct-name="db.mgmt.ServerInstance" id="b123a05a-4287-11ee-b809-a3641fc7a5b5" struct-checksum="0x367436e2">
      <link type="object" struct-name="db.mgmt.Connection" key="connection">b123a05b-4287-11ee-b809-a3641fc7a5b5</link>
      <value _ptr_="0x565535d09640" type="dict" key="loginInfo"/>
      <value _ptr_="0x56553614d530" type="dict" key="serverInfo">
        <value type="int" key="setupPending">1</value>
        <value type="string" key="sys.config.path"></value>
        <value type="string" key="sys.config.section">mysqld</value>
        <value type="string" key="sys.preset">Custom</value>
        <value type="string" key="sys.system">Linux</value>
      </value>
      <value type="string" key="name">Local 3306</value>
    </value>
  </value>
</data>
